Open,High,Low
299.947423,300.185082,291.193277
291.430961,292.787647,284.380137
285.726915,286.875649,275.824065